大安,西夏惠宗年号,1074—1084
大安,辽道宗年号,1085—1094
大安,金卫绍王完颜永济年号,1209—1211
大宝,南朝梁简文帝年号,550—551
大宝,南汉刘𬬮年号,958—971
大宝,大理段正兴年号,1149—1155
大宝,明时蔡伯贯年号,1565—1566
大德,西夏崇宗年号,1135—1139
大德,元成宗年号,1297—1307
大定,南朝后梁宣帝年号,555—562
大定,北周静帝年号,581
大定,金世宗年号,1161—1189
大和,唐文宗年号,827—835
太和,唐文宗年号,827—835
大和,五代吴杨溥年号,929—935
大明,南朝宋孝武帝年号,457—464
大明,南诏杨干真年号,931—937
大庆,西夏景宗年号,1036—1038
大庆,西夏仁宗年号,1140—1143
大顺,唐昭宗年号,890—891
大顺,明末张献忠年号,1644—1646
大同,南朝梁武帝年号,535—546
大同,南诏隆舜年号,？—？
大同,辽太宗年号,947
大兴,晋元帝年号,318—321
太兴,晋元帝年号,318—321
大兴,渤海大钦茂年号,737—793
凤凰,吴末帝年号,272—274
凤凰,晋时李弘年号,370
凤历,后梁朱友珪年号,913
凤历,大理段智廉年号,1201—？
甘露,汉宣帝年号,前53—前50
甘露,魏高贵乡公曹髦年号,256—260
甘露,吴末帝年号,265—266
甘露,前秦苻坚年号,359—364
甘露,辽东丹王耶律倍年号,926—982
更始,新末刘玄年号,23—25
更始,西燕慕容冲年号,385—386
更始,西秦乞伏乾归年号,409—412
光天,前蜀王建年号,918
光天,南汉刘玢年号,942—943
广安,北魏时葛荣年号,526—528
广安,大理段连义年号,1077—1080
广德,唐代宗年号,763—764
广德,大理段思聪年号,？—967
广明,唐僖宗年号,880—881
广明,大理段素英年号,986—1004
广运,南朝后梁萧琮年号,586—587
广运,北汉刘继元年号,974—979
广运,西夏景宗年号,1034—1036
广运,大理段正严年号,？—1147
和平,汉桓帝年号,150
和平,前凉张祚年号,354—355
和平,北魏文成帝年号,460—465
和平,高昌麹□年号,551—554
宝历,渤海大钦茂年号,774—？
宝历,唐敬宗年号,825—826
皇建,北齐孝昭帝年号,560—561
皇建,西夏襄宗年号,1210—1211
皇始,前秦苻健年号,351—355
皇始,北魏道武帝年号,396—398
黄龙,汉宣帝年号,前49
黄龙,吴大帝年号,229—231
黄龙,唐时段子璋年号,761
保大,南唐李璟年号,943—957
保大,辽天祚帝年号,1121—1125
嘉平,魏齐王曹芳年号,249—254
嘉平,汉（前赵）刘聪年号,311—315
嘉平,南凉秃发傉檀年号,408—414
建安,汉献帝年号,196—220
建安,大理段正明年号,？—？
建昌,柔然豆罗伏跋豆伐可汗年号,508—520
建昌,高昌麹宝茂年号,555—560
建初,汉章帝年号,76—84
建初,晋时李特年号,303
建初,后秦姚苌年号,386—394
建初,西凉李暠年号,405—417
建初,高昌张孟明年号,489—496
建德,北周武帝年号,572—578
建德,大理段正兴年号,？—1171
建光,汉安帝年号,121—122
建光,翟魏翟辽年号,388—391
建和,汉桓帝年号,147—149
建和,南凉秃发利鹿孤年号,400—402
建康,汉顺帝年号,144
建康,晋时司马保年号,319—320
建明,西燕慕容𫖮年号,386
建明,北魏时吕苟儿年号,506
建明,北魏长广王元晔年号,530—531
建平,汉哀帝年号,前6—前3
建平,后赵石勒年号,330—333
建平,西燕慕容瑶年号,386
建平,后燕慕容盛年号,398
建平,南燕慕容德年号,400—405
建平,北魏时白亚栗斯、刘虎年号,415—416
建平,北凉沮渠牧犍年号,437—439
建始,汉成帝年号,前32—前28
建始,晋赵王司马伦年号,301
建始,后燕时慕容详年号,397
建始,晋时桓玄年号,403
建始,后燕慕容熙年号,407
建武,汉光武帝年号,25—56
建武,晋惠帝年号,304
建武,晋元帝年号,317—318
建武,后赵石虎年号,335—348
建武,西燕慕容忠年号,386
建武,南齐明帝年号,494—498
建武,北魏北海王元颢年号,529
建兴,蜀汉后主年号,223—237
建兴,吴会稽王孙亮年号,252—253
建兴,成（汉）李雄年号,304—306
建兴,晋愍帝年号（313—317），前凉张寔、张茂、张骏、张重华、张玄靓沿用（317—353、355—361）,313—361
建兴,后燕慕容垂年号,386—396
建兴,渤海大仁秀年号,818—830
建元,汉武帝年号,前140—前135
建元,汉（前赵）刘聪年号,315—316
建元,晋康帝年号,343—344
建元,前秦苻坚年号,365—385
建元,南齐高帝年号,479—482
建义,西秦乞伏国仁年号,385—388
建义,南朝宋时杨难当年号,436—442
建义,南齐时雍道晞年号,500
建义,北魏孝庄帝年号,528
景福,唐昭宗年号,892—893
景福,辽兴宗年号,1031—1032
开明,隋末王世充年号,619—621
开明,大理段正淳年号,1097—1102
开运,后晋出帝年号,944—946
开运,西夏景宗年号,1034
麟嘉,汉（前赵）刘聪年号,316—318
麟嘉,后凉吕光年号,389—396
龙凤,元末韩林儿年号,1355—1366
龙凤,明时田九成年号,1397
龙兴,汉时公孙述年号,25—36
龙兴,后赵时侯子光年号,337
龙兴,南诏劝龙晟年号,810—816
龙兴,大理段正兴年号,？—？
明德,后蜀孟知祥年号（934年），孟昶沿用不改（934—937）,934—937
明德,大理段思聪年号,952—？
明德,大理段素英年号,？—？
明政,隋末李子通年号,619—621
明政,大理段素顺年号,969—985
乾道,西夏惠宗年号,1068
乾道,宋孝宗年号,1165—1173
乾德,前蜀王衍年号,919—925
乾德,宋太祖年号,963—968
乾亨,南汉刘䶮年号,917—925
乾亨,辽景宗年号,979—982
乾祐,后汉高祖年号（948年），隐帝（948—950）和北汉刘旻（951—954）、刘钧（954—956）均沿用不改,948—956
乾祐,西夏仁宗年号,1170—1193
青龙,魏明帝年号,233—237
青龙,后赵石鉴年号,350
青龙,后燕时兰汗年号,398
仁寿,隋文帝年号,601—604
仁寿,大理段智祥年号,？—？
上元,唐高宗年号,674—676
前上元,唐高宗年号,674—676
上元,唐肃宗年号,760—762
后上元,唐肃宗年号,760—762
上元,南诏异牟寻年号,784—？
绍兴,宋高宗年号,1131—1162
绍兴,西辽仁宗年号,1151—1163
神凤,吴大帝年号,252
神凤,晋时刘尼年号,303
圣明,北魏时陈瞻年号,506
圣明,大理段素兴年号,1042—？
始兴,隋末操师乞年号,616
始兴,隋末高开道年号,618—624
天成,隋末高开道年号,618—624
始元,汉昭帝年号,前86—前80
始元,南诏郑仁旻年号,910—？
顺德,大理段思聪年号,968
顺德,明时朱宸濠年号,1519
顺天,唐时史思明年号,759—761
顺天,唐时董昌年号,895—896
天册,唐时董昌年号,895—896
大圣,唐时董昌年号,895—896
顺天,金时郝定年号,1216
顺天,清时林爽文年号,1786—1788
太安,晋惠帝年号,302—303
太安,前秦苻丕年号,385—386
太安,后凉吕光年号,386—389
大安,后凉吕光年号,386—389
太安,北魏文成帝年号,455—459
太安,柔然候其伏代库者可汗年号,492—505
太初,汉武帝年号,前104—前101
太初,前秦苻登年号,386—394
太初,西秦乞伏乾归年号,388—400
太初,南凉秃发乌孤年号,397—399
太初,南朝宋刘劭年号,453
太和,魏明帝年号,227—233
太和,后赵石勒年号,328—330
太和,成（汉）李势年号,344—346
太和,晋废帝年号,366—371
太和,北魏孝文帝年号,477—499
太康,晋武帝年号,280—289
太宁,晋明帝年号,323—326
太宁,后赵石虎年号,349
太平,吴会稽王孙亮年号,256—258
太平,晋时赵𫷷年号,300—301
太平,北燕冯跋年号,409—430
太平,柔然伏名敦可汗年号,485—491
太平,南朝梁敬帝年号,556—557
太平,隋末林士弘年号,616—622
延康,隋末林士弘年号,616—622
太平,辽圣宗年号,1021—1031
太平,元末徐寿辉年号,1356—1358
太始,汉武帝年号,前96—前93
太始,南朝梁时侯景年号,551—552
太始,渤海大明忠年号,818
太兴,北燕冯弘年号,431—436
太元,吴大帝年号,251—252
太元,晋孝武帝年号,376—396
泰始,晋武帝年号,265—274
泰始,南朝宋时程道养年号,432—437
泰始,南朝宋明帝年号,465—471
天宝,唐玄宗年号,742—756
天宝,吴越钱镠年号,908—912
天保,北齐文宣帝年号,550—559
天保,南朝后梁明帝年号,562—585
天册,吴末帝年号,275—276
天成,南朝梁贞阳侯萧渊明年号,555
天成,唐时安庆绪年号,757—759
天成,后唐明宗年号,926—930
天德,闽（殷）王延政年号,943—945
天德,金海陵王完颜亮年号,1149—1153
天定,大理段兴智年号,1252—1254
天定,元末徐寿辉年号,1359—1360
天福,后晋高祖年号（936—942），出帝沿用不改（942—944）,936—944
天福,后汉高祖年号,947
天辅,金太祖年号,1117—1123
天辅,大理段智祥年号,1226
天汉,汉武帝年号,前100—前97
天汉,前蜀王建年号,917
天会,北汉刘钧年号（957—968），刘继恩、刘继元沿用不改（968—973）,957—973
天会,金太宗年号（1123—1135），熙宗沿用不改（1135—1137）,1123—1137
天明,唐初辅公祏年号,623—624
天明,大理段素兴年号,？—1044
天启,南诏劝丰祐年号,？—859
天启,元末徐寿辉年号,1358—1359
天启,明熹宗年号,1621—1627
天庆,辽天祚帝年号,1111—1120
天庆,西夏桓宗年号,1194—1205
天寿,隋末宇文化及年号,618—619
天寿,于阗李圣天年号,963—966
天授,周武则天年号,690—692
天授,大理段正淳年号,1096
天顺,金时杨安儿年号,1214
天顺,元天顺帝年号,1328
天顺,明英宗年号,1457—1464
天统,北魏时邢杲年号,528—529
天统,北齐后主年号,565—569
天统,元末明玉珍年号,1362—1366
天玺,吴末帝年号,276
天玺,北凉段业年号,399—401
天禧,宋真宗年号,1017—1021
天禧,西辽末主年号,1178—1211
天兴,北魏道武帝年号,398—404
天兴,隋末刘武周年号,617—620
天兴,于阗李圣天年号,950—963
天兴,金哀宗年号,1232—1234
天祐,唐昭宗年号（904年），哀帝沿用不改（904—907）,904—907
天祐,大理段正明年号,？—1094
天正,南朝梁豫章王萧栋年号,551
天正,南朝梁武陵王萧纪年号,552—553
天正,大理段正淳年号,1103—1104
文德,唐僖宗年号,888
文德,大理段思平年号,938—？
长寿,周武则天年号,692—694
长寿,南诏阁逻凤年号,769—779
五凤,汉宣帝年号,前57—前54
五凤,吴会稽王孙亮年号,254—256
五凤,隋末窦建德年号,618—621
武成,北周明帝年号,559—560
武成,唐时李希烈年号,784—786
武成,前蜀王建年号,908—910
咸和,晋成帝年号,326—334
咸和,渤海大彝震年号,830—857
咸康,晋成帝年号,335—342
咸康,前蜀王衍年号,925
咸宁,晋武帝年号,275—280
咸宁,后凉吕纂年号,399—401
兴平,汉献帝年号,194—195
兴平,南齐时唐㝢之年号,486
安定,大理段智兴年号,？—1200
安定,元时杨镇龙年号,1289
延昌,北魏宣武帝年号,512—515
延昌,高昌麹乾固年号,561—601
延和,北魏太武帝年号,432—434
延和,高昌麹伯雅年号,602—613
延和,唐睿宗年号,712
延康,汉献帝年号,220
延康,隋末沈法兴年号,619—620
延康,元时林桂方、赵良钤年号,1283
延平,汉殇帝年号,106
延平,后燕时慕容麟年号,397
延熙,蜀汉后主年号,238—257
延熙,后赵石弘年号,334
延兴,北魏孝文帝年号,471—476
延兴,南齐海陵王萧昭文年号,494
义和,北凉沮渠蒙逊年号,431—433
义和,高昌麹□年号,614—619
义熙,晋安帝年号,405—418
义熙,高昌麹嘉年号,511—515
承光,夏赫连昌年号,425—428
承光,北齐幼主年号,577
承平,北凉沮渠无讳年号（443年），沮渠安周沿用不改（444—460）,443—460
承平,北魏南安王拓跋余年号,452
永平,北魏南安王拓跋余年号,452
承平,高昌麹嘉年号,502—510
应天,唐时史思明年号,759
应天,唐时朱泚年号,783
应天,后梁时刘守光年号,911—913
应天,西夏襄宗年号,1206—1209
永安,吴景帝年号,258—264
永安,晋惠帝年号,304
永安,北凉沮渠蒙逊年号,401—412
永安,北魏孝庄帝年号,528—530
永安,西夏崇宗年号,1098—1100
永昌,晋元帝年号,322—323
永昌,唐武则天年号,689
永昌,明末李自成年号,1644—1645
永初,汉安帝年号,107—113
永初,南朝宋武帝年号,420—422
永光,汉元帝年号,前43—前39
永光,南朝宋前废帝年号,465
永汉,汉献帝年号,189
永汉,南朝梁时刘敬躬年号,542
永和,汉顺帝年号,136—141
永和,晋穆帝年号,345—356
永和,后秦姚泓年号,416—417
永和,北凉沮渠牧犍年号,433—436
永和,闽王延钧年号,935
永和,清时朱一贵年号,1721
永嘉,晋怀帝年号,307—313
永嘉,大理段正严年号,？—1128
永建,汉顺帝年号,126—132
永建,西凉李恂年号,420—421
永康,汉桓帝年号,167
永康,晋惠帝年号,300—301
永康,后燕慕容宝年号,396—398
永康,西秦乞伏炽磐年号,412—419
永康,柔然受罗部真可汗年号,466—484
永乐,南汉时张遇贤年号,942—943
永乐,宋时方腊年号,1120—1121
永乐,明成祖年号,1403—1424
永隆,隋末梁师都年号,617—628
永隆,唐高宗年号,680—681
永隆,闽王曦年号,939—944
永宁,汉安帝年号,120—121
永宁,晋惠帝年号,301—302
永宁,后赵石祗年号,350—351
永平,汉明帝年号,58—75
永平,晋惠帝年号,291
永平,北魏宣武帝年号,508—512
永平,高昌麹玄喜年号,549—550
永平,隋末李密年号,617—618
永平,前蜀王建年号,911—915
永始,汉成帝年号,前16—前13
永始,晋时桓玄年号,403—404
永泰,南齐明帝年号,498
永泰,唐代宗年号,765—766
永熙,晋惠帝年号,290
永熙,北魏孝武帝年号,532—534
永兴,汉桓帝年号,153—154
永兴,晋惠帝年号,304—306
永兴,冉魏冉闵年号,350—352
永兴,前秦苻坚年号,357—359
永兴,北魏明元帝年号,409—413
永兴,北魏孝武帝年号,532
永元,汉和帝年号,89—105
永元,南齐东昏侯萧宝卷年号,499—501
永贞,唐顺宗年号,805
永贞,大理段正兴年号,1148
元封,汉武帝年号,前110—前105
元封,南诏异牟寻年号,？—808
元光,汉武帝年号,前134—前129
元光,金宣宗年号,1222—1223
元和,汉章帝年号,84—87
元和,唐宪宗年号,806—820
元嘉,汉桓帝年号,151—153
元嘉,南朝宋文帝年号,424—453
元康,汉宣帝年号,前65—前61
元康,晋惠帝年号,291—299
元寿,汉哀帝年号,前2—前1
元寿,大理段智廉年号,？—1204
元熙,汉（前赵）刘渊年号,304—308
元熙,晋恭帝年号,419—420
元兴,汉和帝年号,105
元兴,吴末帝年号,264—265
元兴,晋安帝年号,402—404
载初,唐武则天年号,689—690
载初,唐时安庆绪年号,757
章和,汉章帝年号,87—88
章和,高昌麹坚年号,531—548
贞观,唐太宗年号,627—649
贞观,西夏崇宗年号,1101—1113
贞明,南诏隆舜年号,878—？
贞明,后梁末帝年号,915—921
贞祐,南诏郑仁旻年号,？—？
贞祐,金宣宗年号,1213—1217
贞元,唐德宗年号,785—805
贞元,金海陵王完颜亮年号,1153—1156
真王,北魏时破六韩拔陵年号,523—525
真王,北魏时杜洛周年号,525—528
正德,大理段思廉年号,？—？
正德,西夏崇宗年号,1127—1134
正德,明武宗年号,1506—1521
正平,北魏太武帝年号,451—452
正平,南朝梁临贺王萧正德年号,548—549
正始,魏齐王曹芳年号,240—249
正始,北燕高云年号,407—409
正始,北魏宣武帝年号,504—508
至德,南朝陈后主年号,583—586
至德,唐肃宗年号,756—758
至元,元世祖年号,1264—1294
后至元,元世祖年号,1264—1294
至元,元顺帝年号,1335—1340
后至元,元顺帝年号,1335—1340
至治,大理段思良年号,946—951
至治,元英宗年号,1321—1323
治平,宋英宗年号,1064—1067
治平,元末徐寿辉年号,1351—1355
中兴,西燕慕容永年号,386—394
中兴,南齐和帝年号,501—502
中兴,北魏安定王元朗年号,531—532
中兴,渤海大华玙年号,793—794
中兴,南诏舜化贞年号,898—902
中兴,南唐李璟年号,958
中兴,于阗李从德年号,978—982
周成王,（？—前1021）西周国王。武王之子。,前1042—前1021
纣,（？—前1046）亦作“受”，亦称“帝辛”。商代末代国君。,前1075—前1046
帝乙,（？—前1076）甲骨文作“文武帝乙”。商代国君。名羡。纣王之父。,前1101—前1076
武丁,（？—前1192）商代国君。名昭。盘庚弟小乙之子。,前1250—前1192
周赧王,（？—前256）东周国王。慎靓王之子。,前314—前256
燕昭王,（？—前279）战国时燕国君。燕王哙庶子。,前311—前279
齐湣王,（？—前284）亦作“齐闵王”“齐愍王”。战国时齐国君。宣王之子。,前300—前284
宋王偃,（？—前286）亦作“宋康王”“宋献王”。战国时宋国君。,前329—前286
赵武灵王,（？—前295）战国时赵国君。肃侯之子。,前325—前299
楚怀王,（？—前296）战国时楚国君。威王之子。,前329—前299
齐宣王,（？—前301）战国时齐国君。威王之子。,前319—前301
燕王哙,（？—前314）战国时燕国君。易王之子。,前320—前318
齐威王,（？—前320）战国时齐国君。桓公之子。,前356—前320
魏文侯,（？—前396）战国时魏国的建立者。魏桓公之子。,前445—前396
勾践,（？—前465）亦作“句践”。春秋时越国君。越王允常之子。,前497—前465
夫差,（？—前473）春秋时吴国君。吴王阖闾之子。,前495—前473
卫庄公,（？—前478）春秋时卫国君。灵公之子。,前480—前478
齐景公,（？—前490）春秋时齐国君。庄公异母弟。,前547—前490
阖闾,（？—前496）亦作“阖庐”。春秋时吴国君。吴王诸樊之子（一说夷末之子）。,前514—前496
吴王僚,（？—前515）春秋时吴国君。吴王夷末（一作“餘眜”）之子（一说庶兄）。,前526—前515
楚庄王,（？—前591）春秋时楚国君。穆王之子。,前613—前591
秦穆公,（？—前621）春秋时秦国君。德公之子，宣公、成公之弟。,前659—前621
卫文公,（？—前635）春秋时卫国君。戴公申之弟。,前659—前635
宋襄公,（？—前637）春秋时宋国君。桓公之子。,前650—前637
晋惠公,（？—前637）春秋时晋国君。献公之子。,前650—前637
齐桓公,（？—前643）春秋时齐国君。襄公之弟。,前685—前643
晋献公,（？—前651）春秋时晋国君。武公之子。,前676—前651
曲沃武公,（？—前677）即“晋武公”。春秋时晋国君。曲沃庄伯之子。,前716—前677
周平王,（？—前720）东周国王。幽王太子，申后所生。,前770—前720
卫庄公,（？—前735）春秋时卫国君。武公之子。,前757—前735
秦襄公,（？—前766）春秋时秦国君。庄公之子，继其父而立。,前777—前766
郑桓公,（？—前771）西周末郑国君。周宣王之弟。,前806—前771
周幽王,（？—前771）西周国王。宣王之子。,前781—前771
周宣王,（？—前782）西周国王。厉王之子。,前827—前782
周厉王,（？—前828）西周国王。夷王之子。,前877—前841
周穆王,（？—前922）西周国王。昭王之子。,前976—前922
周昭王,（？—前977）西周国王。康王之子。,前995—前977
周康王,（？—前996）西周国王。成王之子。,前1020—前996
汉武帝,（前156—前87）即“刘彻”。西汉皇帝。景帝之子。,前141—前87
汉景帝,（前188—前141）即“刘启”。西汉皇帝。文帝之子。,前157—前141
汉文帝,（前202—前157）即“刘恒”。西汉皇帝。高祖之子。,前180—前157
秦二世,（前230—前207）即“胡亥”。秦朝第二代皇帝。秦始皇少子。,前210—前207
汉高祖,（前256或前247—前195）即“刘邦”。西汉王朝的建立者。,前202—前195
秦始皇,（前259—前210）即“嬴政”，亦称“赵政”。战国时秦国君、秦王朝的建立者。,前247—前210
秦庄襄王,（前280—前247）战国时秦国君。昭王之孙。,前249—前247
秦昭王,（前324—前251）亦称“秦昭襄王”。战国时秦国君。武王异母弟。,前306—前251
秦惠文王,（前356—前311）战国时秦国君。孝公之子。,前337—前311
秦孝公,（前381—前338）战国时秦国君。献公之子。,前361—前338
魏惠王,（前400—前319）亦称“梁惠王”。战国时魏国君。武侯之子。,前369—前319
晋文公,（前697或前671—前628）春秋时晋国君。献公之子。,前636—前628
郑庄公,（前757—前701）春秋时郑国君。武公之子。,前744—前701
大成,北周宣帝年号,579
大成兴胜,明时徐鸿儒年号,1622
大乘兴胜,明时徐鸿儒年号,1622
大世,隋末刘迦论年号,614
大同,南朝梁武帝年号,535—546
大同,南诏隆舜年号,？—？
大同,辽太宗年号,947
大足,周武则天年号,701
德兴,北辽萧德妃年号,1122
凤凰,吴末帝年号,272—274
凤凰,晋时李弘年号,370
白乌,隋末向海明年号,613
光熙,晋惠帝年号,306
光熹,汉少帝年号,189
光宅,唐武则天年号,684
汉昌,汉（前赵）刘粲年号,318
弘道,唐高宗年号,683
弘光,南明福王朱由崧年号,1645
洪熙,明仁宗年号,1425
洪宪,民国时袁世凯年号,1916
宝义,西夏末主年号,1227
黄龙,汉宣帝年号,前49
黄龙,吴大帝年号,229—231
黄龙,唐时段子璋年号,761
建福,北辽宣宗年号,1122
建始,汉成帝年号,前32—前28
建始,晋赵王司马伦年号,301
建始,后燕时慕容详年号,397
建始,晋时桓玄年号,403
建始,后燕慕容熙年号,407
建武,汉光武帝年号,25—56
建武,晋惠帝年号,304
建武,晋元帝年号,317—318
建武,后赵石虎年号,335—348
建武,西燕慕容忠年号,386
建武,南齐明帝年号,494—498
建武,北魏北海王元颢年号,529
建义,西秦乞伏国仁年号,385—388
建义,南朝宋时杨难当年号,436—442
建义,南齐时雍道晞年号,500
建义,北魏孝庄帝年号,528
建贞,唐襄王李煴年号,886
建中靖国,宋徽宗年号,1101
交泰,南唐李璟年号,958
景和,南朝宋前废帝年号,465
久视,周武则天年号,700
本初,汉质帝年号,146
开庆,宋理宗年号,1259
开兴,金哀宗年号,1232
开运,后晋出帝年号,944—946
开运,西夏景宗年号,1034
龙凤,元末韩林儿年号,1355—1366
龙凤,明时田九成年号,1397
龙纪,唐昭宗年号,889
隆昌,南齐郁林王萧昭业年号,494
隆化,北齐后主年号,576
鲁兴,北魏时鲜于修礼年号,526
罗平,唐时裘甫年号,860
平赵,前赵时句渠知年号,320
乾明,北齐废帝年号,560
乾兴,宋真宗年号,1022
青龙,魏明帝年号,233—237
青龙,后赵石鉴年号,350
青龙,后燕时兰汗年号,398
日新,大理段正严年号,1109
如意,周武则天年号,692
上德,大理段连义年号,1076
上明,大理段寿辉年号,1081
上愿,南朝梁时鲜于琛年号,535
上治,大理高昇泰年号,1095
绍武,南明唐王朱聿𨮁年号,1646
神凤,吴大帝年号,252
神凤,晋时刘尼年号,303
神功,周武则天年号,697
神历,北辽梁王耶律雅里年号,1123
圣武,唐时安禄山年号,756
顺德,大理段思聪年号,968
顺德,明时朱宸濠年号,1519
嗣圣,唐中宗年号,684
太昌,北魏孝武帝年号,532
太初,汉武帝年号,前104—前101
太初,前秦苻登年号,386—394
太初,西秦乞伏乾归年号,388—400
太初,南凉秃发乌孤年号,397—399
太初,南朝宋刘劭年号,453
太极,唐睿宗年号,712
太始,汉武帝年号,前96—前93
太始,南朝梁时侯景年号,551—552
太始,渤海大明忠年号,818
太熙,晋武帝年号,290
泰昌,明光宗年号,1620
泰豫,南朝宋明帝年号,472
唐隆,唐少帝年号,710
天册万岁,周武则天年号,695
天福,后晋高祖年号（936—942），出帝沿用不改（942—944）,936—944
天福,后汉高祖年号,947
天辅,金太祖年号,1117—1123
天辅,大理段智祥年号,1226
天汉,汉武帝年号,前100—前97
天汉,前蜀王建年号,917
天皇,唐时朱泚年号,784
天康,南朝陈文帝年号,566
天授,周武则天年号,690—692
天授,大理段正淳年号,1096
天绣,明时王斌年号,1457
天应,南诏郑隆亶年号,927
天载,宋时钟相年号,1130
天战,宋时钟相年号,1130
通正,前蜀王建年号,916
昌平,西燕段随年号,386
万乘,元时杜可用年号,1280
万岁登封,周武则天年号,696
文经,大理段思英年号,945
文明,唐睿宗年号,684
武烈,明时李添保年号,1460
武泰,北魏孝明帝年号,528
咸康,晋成帝年号,335—342
咸康,前蜀王衍年号,925
孝基,北魏北海王元颢年号,529
兴平,汉献帝年号,194—195
兴平,南齐时唐㝢之年号,486
兴圣,南诏杨干真年号,930
兴元,唐德宗年号,784
宣政,北周武帝年号,578
安定,大理段智兴年号,？—1200
安定,元时杨镇龙年号,1289
燕兴,西燕慕容泓年号,384
延初,前秦苻崇年号,394
延和,北魏太武帝年号,432—434
延和,高昌麹伯雅年号,602—613
延和,唐睿宗年号,712
延康,汉献帝年号,220
延康,隋末沈法兴年号,619—620
延康,元时林桂方、赵良钤年号,1283
延平,汉殇帝年号,106
延平,后燕时慕容麟年号,397
延嗣宁国,西夏毅宗年号,1049
延熙,蜀汉后主年号,238—257
延熙,后赵石弘年号,334
延兴,北魏孝文帝年号,471—476
延兴,南齐海陵王萧昭文年号,494
延载,周武则天年号,694
炎兴,蜀汉后主年号,263
承光,夏赫连昌年号,425—428
承光,北齐幼主年号,577
承和,北凉沮渠牧犍年号,437
承明,北魏孝文帝年号,476
应道,南诏寻阁劝年号,809
应乾,南汉刘晟年号,943
应顺,后唐闵帝年号,934
永凤,汉（前赵）刘渊年号,308
永光,汉元帝年号,前43—前39
永光,南朝宋前废帝年号,465
永汉,汉献帝年号,189
永汉,南朝梁时刘敬躬年号,542
永和,汉顺帝年号,136—141
永和,晋穆帝年号,345—356
永和,后秦姚泓年号,416—417
永和,北凉沮渠牧犍年号,433—436
永和,闽王延钧年号,935
永和,清时朱一贵年号,1721
永憙,汉冲帝年号,145
永嘉,汉冲帝年号,145
永兴,汉桓帝年号,153—154
永兴,晋惠帝年号,304—306
永兴,冉魏冉闵年号,350—352
永兴,前秦苻坚年号,357—359
永兴,北魏明元帝年号,409—413
永兴,北魏孝武帝年号,532
永贞,唐顺宗年号,805
永贞,大理段正兴年号,1148
赤符,元时朱光卿年号,1337
载初,唐武则天年号,689—690
载初,唐时安庆绪年号,757
昭宁,汉少帝年号,189
昭武,清时吴三桂年号,1678
证圣,周武则天年号,695
至宁,金卫绍王完颜永济年号,1213
致和,元泰定帝年号,1328
初始,汉孺子刘婴年号,8
中元克复,唐谯王李重福年号,710
中宗克复,唐谯王李重福年号,710
转运,宋时吴曦年号,1207
